[
  {
    "name": "Kadhai Paneer",
    "description": "Made with paneer and some quick spicy content like chilly and flakes.",
    "ingridients": ["Paneer", "Tomato"],
    "restaurantId": "62c18f0cd8264e2ebaab5fe8",
    "image": "assets/breakfast.jpg",
    "qty": 0,
    "price": "200"
  },
  {
    "name": "Butter Paneer",
    "description": "Made with paneer and some quick spicy content like chilly and flakes.",
    "ingridients": ["Paneer", "Tomato"],
    "restaurantId": "62c18f0cd8264e2ebaab5fe8",
    "image": "assets/breakfast.jpg",
    "qty": 0,
    "price": "230"
  },
  {
    "name": "Butter Chicken ",
    "description": "Made with paneer and some quick spicy content like chilly and flakes.",
    "ingridients": ["Paneer", "Tomato"],
    "restaurantId": "62c18f0cd8264e2ebaab5fe8",
    "image": "assets/snacks.png",
    "qty": 0,
    "price": "420"
  },
  {
    "name": "Margerita",
    "description": "Made with paneer and some quick spicy content like chilly and flakes.",
    "ingridients": ["Paneer", "Tomato"],
    "restaurantId": "62c18f0cd8264e2ebaab5fe5",
    "image": "assets/drinks.png",
    "qty": 0,
    "price": "299"
  },
  {
    "name": "Cheese Pizza",
    "description": "Made with paneer and some quick spicy content like chilly and flakes.",
    "ingridients": ["Paneer", "Tomato"],
    "restaurantId": "62c18f0cd8264e2ebaab5fe5",
    "image": "assets/drinks.png",
    "qty": 0,
    "price": "199"
  },
  {
    "name": "Evergreen Chicken Pizza",
    "description": "Made with paneer and some quick spicy content like chilly and flakes.",
    "ingridients": ["Paneer", "Tomato"],
    "restaurantId": "62c18f0cd8264e2ebaab5fe5",
    "image": "assets/drinks.png",
    "qty": 0,
    "price": "265"
  },
  {
    "name": "Chicken Bucket 8 Pcs",
    "description": "Made with paneer and some quick spicy content like chilly and flakes.",
    "ingridients": ["Paneer", "Tomato"],
    "restaurantId": "62c18f0cd8264e2ebaab5fe6",
    "image": "assets/dinner.png",
    "qty": 0,
    "price": "799"
  },
  {
    "name": "Chicken Bucket 4 Pcs",
    "description": "Made with paneer and some quick spicy content like chilly and flakes.",
    "ingridients": ["Paneer", "Tomato"],
    "restaurantId": "62c18f0cd8264e2ebaab5fe6",
    "image": "assets/dinner.png",
    "qty": 0,
    "price": "399"
  },
  {
    "name": "Chicken Bucket 16 Pcs",
    "description": "Made with paneer and some quick spicy content like chilly and flakes.",
    "ingridients": ["Paneer", "Tomato"],
    "restaurantId": "62c18f0cd8264e2ebaab5fe6",
    "image": "assets/dinner.png",
    "qty": 0,
    "price": "999"
  },
  {
    "name": "Veg Cheese Burger",
    "description": "Made with paneer and some quick spicy content like chilly and flakes.",
    "ingridients": ["Paneer", "Tomato"],
    "restaurantId": "62c18f0cd8264e2ebaab5fe7",
    "image": "assets/dinner.png",
    "qty": 0,
    "price": "99"
  },
  {
    "name": "Chicken Burger",
    "description": "Made with paneer and some quick spicy content like chilly and flakes.",
    "ingridients": ["Paneer", "Tomato"],
    "restaurantId": "5fa3c6a8a296a91c68b3627e",
    "image": "assets/dinner.png",
    "qty": 0,
    "price": "149"
  }
]
